utt_id,dataset,condition,op,ref_word,hyp_word,ref_context,ref_sentence,hyp_sentence,approx_time_s,speaker,accent,why_category,annotator_notes,pattern_freq,coincides_mispronunciation,nearest_mispron,nearest_mispron_dist_s,phoneme_classification
l2arctic_ABA_arctic_a0031,l2arctic,offline,delete,hundred,,they were three [hundred] yards apart,They were three hundred yards apart,They were 300 yards apart.,0.76,ABA,Arabic,,,6,False,sil>IY(a),0.156,asr_error_on_correct_speech
l2arctic_ASI_arctic_a0031,l2arctic,offline,delete,hundred,,they were three [hundred] yards apart,They were three hundred yards apart,They were 300 yards apart.,0.36,ASI,Hindi,,,6,True,ER0>AH0(s),0.0,coincides_mispronunciation
l2arctic_BWC_arctic_a0031,l2arctic,offline,delete,hundred,,they were three [hundred] yards apart,They were three hundred yards apart,they were 300 yards apart.,0.42,BWC,Mandarin,,,6,True,ER1>AX(s),0.0,coincides_mispronunciation
l2arctic_EBVS_arctic_a0031,l2arctic,offline,delete,hundred,,they were three [hundred] yards apart,They were three hundred yards apart,They were 300 yards apart.,0.48,EBVS,Spanish,,,6,False,TH>T(s),0.16,asr_error_on_correct_speech
l2arctic_HJK_arctic_a0031,l2arctic,offline,delete,hundred,,they were three [hundred] yards apart,They were three hundred yards apart,They were 300 yards apart.,0.38,HJK,Korean,,,6,False,DH>D(s),0.28,asr_error_on_correct_speech
l2arctic_HQTV_arctic_a0031,l2arctic,offline,delete,hundred,,they were three [hundred] yards apart,They were three hundred yards apart,They were 300 yards apart.,0.46,HQTV,Vietnamese,,,6,True,TH>T(s),0.0,coincides_mispronunciation
l2arctic_ABA_arctic_a0006,l2arctic,offline,substitute,em,them,god bless [em] i hope i'll,God bless 'em I hope I'll go on seeing them forever,God bless them. I hope I'll go on seeing them forever.,0.52,ABA,Arabic,,,6,False,sil>DH(a),0.41,asr_error_on_correct_speech
l2arctic_ASI_arctic_a0006,l2arctic,offline,substitute,em,them,god bless [em] i hope i'll,God bless 'em I hope I'll go on seeing them forever,God bless them. I hope I'll go on seeing them forever.,0.6,ASI,Hindi,,,6,False,D>D*(s),0.19,asr_error_on_correct_speech
l2arctic_BWC_arctic_a0006,l2arctic,offline,substitute,em,them,god bless [em] i hope i,God bless 'em I hope I will go on seeing them forever,God bless them. I hope I will go on seeing them forever.,0.78,BWC,Mandarin,,,6,False,sil>D(a),0.22,asr_error_on_correct_speech
l2arctic_EBVS_arctic_a0006,l2arctic,offline,substitute,em,them,god bless [em] i hope i'll,God bless 'em I hope I'll go on seeing them forever,God bless them. I hope I'll go on seeing them forever.,0.48,EBVS,Spanish,,,6,True,sil>EH(a),0.0,coincides_mispronunciation
l2arctic_HJK_arctic_a0006,l2arctic,offline,substitute,em,them,god bless [em] i hope i'll,God bless 'em I hope I'll go on seeing them forever,God bless them. I hope I will go on seeing them forever.,0.52,HJK,Korean,,,6,True,EH1>AE1(s),0.0,coincides_mispronunciation
l2arctic_HQTV_arctic_a0006,l2arctic,offline,substitute,em,them,god bless [em] i hope i'll,God bless 'em I hope I'll go on seeing them forever,God bless them. I hope I go and see them forever.,0.54,HQTV,Vietnamese,,,6,False,D>D*(s),0.28,asr_error_on_correct_speech
l2arctic_ABA_arctic_a0031,l2arctic,offline,substitute,three,300,they were [three] hundred yards apart,They were three hundred yards apart,They were 300 yards apart.,0.76,ABA,Arabic,,,6,False,sil>IY(a),0.156,asr_error_on_correct_speech
l2arctic_ASI_arctic_a0031,l2arctic,offline,substitute,three,300,they were [three] hundred yards apart,They were three hundred yards apart,They were 300 yards apart.,0.36,ASI,Hindi,,,6,True,ER0>AH0(s),0.0,coincides_mispronunciation
l2arctic_BWC_arctic_a0031,l2arctic,offline,substitute,three,300,they were [three] hundred yards apart,They were three hundred yards apart,they were 300 yards apart.,0.42,BWC,Mandarin,,,6,True,ER1>AX(s),0.0,coincides_mispronunciation
l2arctic_EBVS_arctic_a0031,l2arctic,offline,substitute,three,300,they were [three] hundred yards apart,They were three hundred yards apart,They were 300 yards apart.,0.48,EBVS,Spanish,,,6,False,TH>T(s),0.16,asr_error_on_correct_speech
l2arctic_HJK_arctic_a0031,l2arctic,offline,substitute,three,300,they were [three] hundred yards apart,They were three hundred yards apart,They were 300 yards apart.,0.38,HJK,Korean,,,6,False,DH>D(s),0.28,asr_error_on_correct_speech
l2arctic_HQTV_arctic_a0031,l2arctic,offline,substitute,three,300,they were [three] hundred yards apart,They were three hundred yards apart,They were 300 yards apart.,0.46,HQTV,Vietnamese,,,6,True,TH>T(s),0.0,coincides_mispronunciation
l2arctic_ABA_arctic_a0060,l2arctic,offline,insert,,a,,Anyway no one saw her like that,"In a way, no one saw hair like that.",0.24,ABA,Arabic,,,5,False,ER1>EH(s),1.59,asr_error_on_correct_speech
l2arctic_BWC_arctic_a0051,l2arctic,offline,insert,,a,,The lace was of a delicate ivory color faintly tinted with yellow,"The face was a delicate emerald color, faintly tinted with yellow. The face was a delicate emerald color, not a delicate emerald color, but a delicate emerald color.",6.66,BWC,Mandarin,,,5,False,DH>TH(s),0.273,asr_error_on_correct_speech
l2arctic_BWC_arctic_a0051,l2arctic,offline,insert,,a,,The lace was of a delicate ivory color faintly tinted with yellow,"The face was a delicate emerald color, faintly tinted with yellow. The face was a delicate emerald color, not a delicate emerald color, but a delicate emerald color.",6.68,BWC,Mandarin,,,5,False,DH>TH(s),0.293,asr_error_on_correct_speech
l2arctic_BWC_arctic_a0051,l2arctic,offline,insert,,a,,The lace was of a delicate ivory color faintly tinted with yellow,"The face was a delicate emerald color, faintly tinted with yellow. The face was a delicate emerald color, not a delicate emerald color, but a delicate emerald color.",7.0,BWC,Mandarin,,,5,False,DH>TH(s),0.613,asr_error_on_correct_speech
l2arctic_HQTV_arctic_a0046,l2arctic,offline,insert,,a,,The girl faced him her eyes shining with sudden fear,"The girl faced him, her eyes shining with a sudden fear.",2.92,HQTV,Vietnamese,,,5,True,DH>D(s),0.0,coincides_mispronunciation
l2arctic_ABA_arctic_a0003,l2arctic,offline,substitute,twentieth,20th,for the [twentieth] time that evening,For the twentieth time that evening the two men shook hands,for the 20th time that evening the two men shook hands.,0.68,ABA,Arabic,,,5,False,sil>K(a),2.411,asr_error_on_correct_speech
l2arctic_ASI_arctic_a0003,l2arctic,offline,substitute,twentieth,20th,for the [twentieth] time that evening,For the twentieth time that evening the two men shook hands,for the 20th time that evening the two men shook hands.,0.32,ASI,Hindi,,,5,True,DH>D(s),0.0,coincides_mispronunciation
l2arctic_EBVS_arctic_a0003,l2arctic,offline,substitute,twentieth,20th,for the [twentieth] time that evening,For the twentieth time that evening the two men shook hands,"For the 20th time that evening, the two men shook hands.",0.34,EBVS,Spanish,,,5,False,IH0>sil(d),0.321,asr_error_on_correct_speech
l2arctic_HJK_arctic_a0003,l2arctic,offline,substitute,twentieth,20th,for the [twentieth] time that evening,For the twentieth time that evening the two men shook hands,for the 20th time that evening the two men shook hands.,0.36,HJK,Korean,,,5,True,DH>D(s),0.0,coincides_mispronunciation
l2arctic_HQTV_arctic_a0003,l2arctic,offline,substitute,twentieth,20th,for the [twentieth] time that evening,For the twentieth time that evening the two men shook hands,for the 20th time that evening the two men shook hands,0.4,HQTV,Vietnamese,,,5,True,DH>D(s),0.0,coincides_mispronunciation
l2arctic_ABA_arctic_a0010,l2arctic,offline,insert,,i,,I'm playing a single hand in what looks like a losing game,I am playing a single hand in what looks like a losing game.,0.0,ABA,Arabic,,,4,False,,,asr_error_on_correct_speech
l2arctic_ASI_arctic_a0010,l2arctic,offline,insert,,i,,I'm playing a single hand in what looks like a losing game,I am playing a single hand in what looks like a losing game.,0.0,ASI,Hindi,,,4,False,P>P*(s),0.3,asr_error_on_correct_speech
l2arctic_HJK_arctic_a0006,l2arctic,offline,insert,,i,,God bless 'em I hope I'll go on seeing them forever,God bless them. I hope I will go on seeing them forever.,1.48,HJK,Korean,,,4,False,EH1>AE1(s),0.95,asr_error_on_correct_speech
l2arctic_HJK_arctic_a0041,l2arctic,offline,insert,,i,,Meanwhile I'll go out to breathe a spell,"Meanwhile, I will go out to breathe a spell.",1.0,HJK,Korean,,,4,False,R>sil(d),0.76,asr_error_on_correct_speech
l2arctic_ASI_arctic_a0039,l2arctic,offline,substitute,ten,10,a week or [ten] days,The ship should be in within a week or ten days,The ship should be in within a week or 10 days.,2.02,ASI,Hindi,,,4,True,T>T*(s),0.0,coincides_mispronunciation
l2arctic_BWC_arctic_a0039,l2arctic,offline,substitute,ten,10,a week or [ten] days,The ship should be in within a week or ten days,The sheep should be eaten within a week or 10 days.,3.14,BWC,Mandarin,,,4,False,Z>S(s),0.6,asr_error_on_correct_speech
l2arctic_EBVS_arctic_a0039,l2arctic,offline,substitute,ten,10,a week or [ten] days,The ship should be in within a week or ten days,the shift should be in within a week or 10 days.,3.08,EBVS,Spanish,,,4,False,Z>S(s),0.33,asr_error_on_correct_speech
l2arctic_HQTV_arctic_a0039,l2arctic,offline,substitute,ten,10,a week or [ten] days,The ship should be in within a week or ten days,the ship should be in within a week or 10 days.,2.56,HQTV,Vietnamese,,,4,True,R>sil(d),0.0,coincides_mispronunciation
l2arctic_ABA_arctic_a0048,l2arctic,offline,insert,,hand,,He looked at the handkerchief more closely,He looked at the hand kerchief more closely.,1.34,ABA,Arabic,,,3,False,sil>D(a),0.356,asr_error_on_correct_speech
l2arctic_ABA_arctic_a0053,l2arctic,offline,insert,,hand,,Suddenly his fingers closed tightly over the handkerchief,"Suddenly, his fingers closed tightly over the hand crochet.",3.08,ABA,Arabic,,,3,True,NG>N(s),0.0,coincides_mispronunciation
l2arctic_BWC_arctic_a0051,l2arctic,offline,insert,,the,,The lace was of a delicate ivory color faintly tinted with yellow,"The face was a delicate emerald color, faintly tinted with yellow. The face was a delicate emerald color, not a delicate emerald color, but a delicate emerald color.",6.66,BWC,Mandarin,,,3,False,DH>TH(s),0.273,asr_error_on_correct_speech
l2arctic_BWC_arctic_a0051,l2arctic,offline,insert,,delicate,,The lace was of a delicate ivory color faintly tinted with yellow,"The face was a delicate emerald color, faintly tinted with yellow. The face was a delicate emerald color, not a delicate emerald color, but a delicate emerald color.",6.68,BWC,Mandarin,,,3,False,DH>TH(s),0.293,asr_error_on_correct_speech
l2arctic_BWC_arctic_a0051,l2arctic,offline,insert,,emerald,,The lace was of a delicate ivory color faintly tinted with yellow,"The face was a delicate emerald color, faintly tinted with yellow. The face was a delicate emerald color, not a delicate emerald color, but a delicate emerald color.",6.68,BWC,Mandarin,,,3,False,DH>TH(s),0.293,asr_error_on_correct_speech
l2arctic_BWC_arctic_a0051,l2arctic,offline,insert,,color,,The lace was of a delicate ivory color faintly tinted with yellow,"The face was a delicate emerald color, faintly tinted with yellow. The face was a delicate emerald color, not a delicate emerald color, but a delicate emerald color.",6.68,BWC,Mandarin,,,3,False,DH>TH(s),0.293,asr_error_on_correct_speech
l2arctic_BWC_arctic_a0051,l2arctic,offline,insert,,delicate,,The lace was of a delicate ivory color faintly tinted with yellow,"The face was a delicate emerald color, faintly tinted with yellow. The face was a delicate emerald color, not a delicate emerald color, but a delicate emerald color.",6.68,BWC,Mandarin,,,3,False,DH>TH(s),0.293,asr_error_on_correct_speech
l2arctic_BWC_arctic_a0051,l2arctic,offline,insert,,emerald,,The lace was of a delicate ivory color faintly tinted with yellow,"The face was a delicate emerald color, faintly tinted with yellow. The face was a delicate emerald color, not a delicate emerald color, but a delicate emerald color.",6.68,BWC,Mandarin,,,3,False,DH>TH(s),0.293,asr_error_on_correct_speech
l2arctic_BWC_arctic_a0051,l2arctic,offline,insert,,color,,The lace was of a delicate ivory color faintly tinted with yellow,"The face was a delicate emerald color, faintly tinted with yellow. The face was a delicate emerald color, not a delicate emerald color, but a delicate emerald color.",6.72,BWC,Mandarin,,,3,False,DH>TH(s),0.333,asr_error_on_correct_speech
l2arctic_BWC_arctic_a0051,l2arctic,offline,insert,,delicate,,The lace was of a delicate ivory color faintly tinted with yellow,"The face was a delicate emerald color, faintly tinted with yellow. The face was a delicate emerald color, not a delicate emerald color, but a delicate emerald color.",7.0,BWC,Mandarin,,,3,False,DH>TH(s),0.613,asr_error_on_correct_speech
l2arctic_BWC_arctic_a0051,l2arctic,offline,insert,,emerald,,The lace was of a delicate ivory color faintly tinted with yellow,"The face was a delicate emerald color, faintly tinted with yellow. The face was a delicate emerald color, not a delicate emerald color, but a delicate emerald color.",7.02,BWC,Mandarin,,,3,False,DH>TH(s),0.633,asr_error_on_correct_speech
l2arctic_BWC_arctic_a0051,l2arctic,offline,insert,,color,,The lace was of a delicate ivory color faintly tinted with yellow,"The face was a delicate emerald color, faintly tinted with yellow. The face was a delicate emerald color, not a delicate emerald color, but a delicate emerald color.",7.02,BWC,Mandarin,,,3,False,DH>TH(s),0.633,asr_error_on_correct_speech
l2arctic_EBVS_arctic_a0025,l2arctic,offline,insert,,the,,I was about to do this when cooler judgment prevailed,I was about to do this when the courier judgments provide.,2.3,EBVS,Spanish,,,3,True,sil>DH(a),0.0,coincides_mispronunciation
l2arctic_HQTV_arctic_a0025,l2arctic,offline,insert,,the,,I was about to do this when cooler judgment prevailed,I was about to do this when the cool adjustment reviled,1.86,HQTV,Vietnamese,,,3,False,ER0>AH0(s),0.42,asr_error_on_correct_speech
l2arctic_HQTV_arctic_a0053,l2arctic,offline,insert,,hand,,Suddenly his fingers closed tightly over the handkerchief,Suddenly his finger closed tightly over the hand cover shape.,2.98,HQTV,Vietnamese,,,3,True,DH>D(s),0.0,coincides_mispronunciation
l2arctic_ABA_arctic_a0008,l2arctic,offline,substitute,gad,god,[gad] your letter came,Gad your letter came just in time,"God, your letter came just in time.",0.0,ABA,Arabic,,,3,False,R>R*(s),1.06,asr_error_on_correct_speech
l2arctic_BWC_arctic_a0008,l2arctic,offline,substitute,gad,god,[gad] your letter came,Gad your letter came just in time,"God, your letter came just in time.",0.0,BWC,Mandarin,,,3,True,AE1>AA(s),0.0,coincides_mispronunciation
l2arctic_EBVS_arctic_a0008,l2arctic,offline,substitute,gad,god,[gad] your letter came,Gad your letter came just in time,"God, your letter comes just in time.",0.0,EBVS,Spanish,,,3,False,AE1>AA(s),0.24,asr_error_on_correct_speech
l2arctic_ABA_arctic_a0076,l2arctic,offline,substitute,gray,grey,the [gray] eyes faltered the,The gray eyes faltered the flush deepened,The grey eyes filtered the flash deepened,0.22,ABA,Arabic,,,3,True,R>R*(s),0.0,coincides_mispronunciation
l2arctic_ASI_arctic_a0076,l2arctic,offline,substitute,gray,grey,the [gray] eyes faltered the,The gray eyes faltered the flush deepened,"The grey ice faltered, the flush deepened.",0.2,ASI,Hindi,,,3,True,DH>D(s),0.0,coincides_mispronunciation
l2arctic_EBVS_arctic_a0076,l2arctic,offline,substitute,gray,grey,the [gray] eyes faltered the,The gray eyes faltered the flush deepened,"The grey is faltered, the flash deepens.",0.16,EBVS,Spanish,,,3,True,DH>D(s),0.0,coincides_mispronunciation
l2arctic_BWC_arctic_a0013,l2arctic,offline,substitute,physique,physics,of almost delicate [physique],He was a head shorter than his companion of almost delicate physique,he was a head shorter than his companion of almost delicate physics.,4.94,BWC,Mandarin,,,3,True,AH0>EH(s),0.0,coincides_mispronunciation
l2arctic_EBVS_arctic_a0013,l2arctic,offline,substitute,physique,physics,of almost delicate [physique],He was a head shorter than his companion of almost delicate physique,he was a hit shorter than his companion of almost delicate physics.,4.84,EBVS,Spanish,,,3,True,AH0>EY(s),0.0,coincides_mispronunciation
l2arctic_HQTV_arctic_a0013,l2arctic,offline,substitute,physique,physics,of almost delicate [physique],He was a head shorter than his companion of almost delicate physique,he was ahead shorter than his companion of almost delicate physics.,6.5,HQTV,Vietnamese,,,3,True,AH0>EY0(s),0.0,coincides_mispronunciation
l2arctic_BWC_arctic_a0023,l2arctic,offline,substitute,privileges,privilege,for the same [privileges],A combination of Canadian capital quickly organized and petitioned for the same privileges,a combination of Canadian capital quickly organized and petitioned for the same privilege.,6.96,BWC,Mandarin,,,3,True,EY1>EH(s),0.0,coincides_mispronunciation
l2arctic_EBVS_arctic_a0023,l2arctic,offline,substitute,privileges,privilege,for the same [privileges],A combination of capital quickly organized and petitioned for the same privileges,a combination of capital quickly organized and petitioned for the same privilege.,6.9,EBVS,Spanish,,,3,False,JH>CH(s),0.55,asr_error_on_correct_speech
l2arctic_HQTV_arctic_a0023,l2arctic,offline,substitute,privileges,privilege,for the same [privileges],A combination of Canadian capital quickly organized and petitioned for the same privileges,"a combination of Canadians, capital weekly, organized and petitioned for the same privilege.",6.12,HQTV,Vietnamese,,,3,True,EY1>AE1(s),0.0,coincides_mispronunciation
l2arctic_ASI_arctic_a0024,l2arctic,offline,substitute,reports,report,it was my [reports] from the north,It was my reports from the north which chiefly induced people to buy,It was my report from the north which chiefly induced people to buy.,0.52,ASI,Hindi,,,3,True,R>R*(s),0.0,coincides_mispronunciation
l2arctic_EBVS_arctic_a0024,l2arctic,offline,substitute,reports,report,it was my [reports] from the north,It was my reports from the north which chiefly induced people to buy,It was my report from the north which chiefly induced people to buy.,0.62,EBVS,Spanish,,,3,False,Z>S(s),0.16,asr_error_on_correct_speech
l2arctic_HQTV_arctic_a0024,l2arctic,offline,substitute,reports,report,it was my [reports] from the north,It was my reports from the north which chiefly induced people to buy,"This was my report from the North, which sharply induced people to buy.",0.68,HQTV,Vietnamese,,,3,False,Z>R(s),0.2,asr_error_on_correct_speech
l2arctic_ABA_arctic_a0036,l2arctic,offline,insert,,it,,She turned in at the hotel,She turned it in at the hotel.,0.58,ABA,Arabic,,,2,False,,,asr_error_on_correct_speech
l2arctic_EBVS_arctic_a0045,l2arctic,offline,insert,,it,,He moved away as quickly as he had come,He moved it away as quickly as he had come.,0.38,EBVS,Spanish,,,2,True,sil>EH(a),0.0,coincides_mispronunciation
l2arctic_EBVS_arctic_a0048,l2arctic,offline,insert,,hungry,,He looked at the handkerchief more closely,He looked at the hungry chief more closely.,0.76,EBVS,Spanish,,,2,True,sil>N(a),0.0,coincides_mispronunciation
l2arctic_EBVS_arctic_a0053,l2arctic,offline,insert,,hungry,,Suddenly his fingers closed tightly over the handkerchief,"Suddenly, his fingers closed tightly over the hungry chief.",3.18,EBVS,Spanish,,,2,False,AE1>AA(s),0.17,asr_error_on_correct_speech
l2arctic_BWC_arctic_a0019,l2arctic,offline,substitute,chances,chance,railroad looking for [chances],I followed the line of the proposed railroad looking for chances,I followed the line of the proper railroad looking for chance.,5.22,BWC,Mandarin,,,2,True,R>sil(d),0.0,coincides_mispronunciation
l2arctic_EBVS_arctic_a0019,l2arctic,offline,substitute,chances,chance,railroad looking for [chances],I followed the line of the proposed railroad looking for chances,I followed the line of the proposed railroad looking for chance.,4.66,EBVS,Spanish,,,2,False,AH0>sil(d),0.403,asr_error_on_correct_speech
l2arctic_BWC_arctic_a0047,l2arctic,offline,substitute,close,clothes,[close] beside him gleamed,Close beside him gleamed the white fangs of the wolf dog,Clothes beside him gleamed the white front of the wolf dog.,0.0,BWC,Mandarin,,,2,False,Z>S(s),0.51,asr_error_on_correct_speech
l2arctic_HQTV_arctic_a0047,l2arctic,offline,substitute,close,clothes,[close] beside him gleamed,Close beside him gleamed the white fangs of the wolf dog,Clothes beside him claimed the white fangs of the wolf dog.,0.0,HQTV,Vietnamese,,,2,False,IH0>IY2(s),0.55,asr_error_on_correct_speech
l2arctic_BWC_arctic_a0053,l2arctic,offline,substitute,closed,close,suddenly his fingers [closed] tightly over the,Suddenly his fingers closed tightly over the handkerchief,"Shadowly, his fingers close tightly over the handkerchief.",1.96,BWC,Mandarin,,,2,True,Z>S(s),0.0,coincides_mispronunciation
l2arctic_BWC_arctic_a0065,l2arctic,offline,substitute,closed,close,they [closed] now until his,They closed now until his fingers were like cords of steel,Stay close now until his fingers were little cord of steel.,0.2,BWC,Mandarin,,,2,True,DH>D(s),0.0,coincides_mispronunciation
l2arctic_EBVS_arctic_a0076,l2arctic,offline,substitute,deepened,deepens,faltered the flush [deepened],The gray eyes faltered the flush deepened,"The grey is faltered, the flash deepens.",2.42,EBVS,Spanish,,,2,False,D>sil(d),0.55,asr_error_on_correct_speech
l2arctic_HQTV_arctic_a0076,l2arctic,offline,substitute,deepened,deepens,faltered the flush [deepened],The gray eyes faltered the flush deepened,The gray eyes fondle the flush deepens.,2.42,HQTV,Vietnamese,,,2,True,AH1>AO1(s),0.0,coincides_mispronunciation
l2arctic_ABA_arctic_a0076,l2arctic,offline,substitute,faltered,filtered,the gray eyes [faltered] the flush deepened,The gray eyes faltered the flush deepened,The grey eyes filtered the flash deepened,0.86,ABA,Arabic,,,2,False,R>R*(s),0.53,asr_error_on_correct_speech
l2arctic_BWC_arctic_a0076,l2arctic,offline,substitute,faltered,filtered,the gray eyes [faltered] the flush deepened,The gray eyes faltered the flush deepened,"the grid as filtered, the flow deepened.",0.86,BWC,Mandarin,,,2,True,AY1>AA(s),0.0,coincides_mispronunciation
l2arctic_ABA_arctic_a0064,l2arctic,offline,substitute,fifth,5th,the fourth and [fifth] days passed without,The fourth and fifth days passed without any developments,the 4th and 5th days passed without any developments.,1.0,ABA,Arabic,,,2,False,R>R*(s),0.43,asr_error_on_correct_speech
l2arctic_ASI_arctic_a0064,l2arctic,offline,substitute,fifth,5th,the fourth and [fifth] days passed without,The fourth and fifth days passed without any developments,The 4th and 5th days passed without any developments.,0.6,ASI,Hindi,,,2,True,TH>T(s),0.0,coincides_mispronunciation
l2arctic_ABA_arctic_a0076,l2arctic,offline,substitute,flush,flash,eyes faltered the [flush] deepened,The gray eyes faltered the flush deepened,The grey eyes filtered the flash deepened,2.7,ABA,Arabic,,,2,False,P>B(s),0.91,asr_error_on_correct_speech
l2arctic_EBVS_arctic_a0076,l2arctic,offline,substitute,flush,flash,eyes faltered the [flush] deepened,The gray eyes faltered the flush deepened,"The grey is faltered, the flash deepens.",2.1,EBVS,Spanish,,,2,False,D>sil(d),0.87,asr_error_on_correct_speech
l2arctic_ABA_arctic_a0064,l2arctic,offline,substitute,fourth,4th,the [fourth] and fifth days,The fourth and fifth days passed without any developments,the 4th and 5th days passed without any developments.,0.22,ABA,Arabic,,,2,False,R>R*(s),0.27,asr_error_on_correct_speech
l2arctic_ASI_arctic_a0064,l2arctic,offline,substitute,fourth,4th,the [fourth] and fifth days,The fourth and fifth days passed without any developments,The 4th and 5th days passed without any developments.,0.18,ASI,Hindi,,,2,True,DH>D(s),0.0,coincides_mispronunciation
l2arctic_ABA_arctic_a0020,l2arctic,offline,substitute,grew,grow,balls and cities [grew] to be only,Clubs and balls and cities grew to be only memories,clubs and pools and cities grow to be only memories.,1.94,ABA,Arabic,,,2,False,R>R*(s),0.19,asr_error_on_correct_speech
l2arctic_EBVS_arctic_a0020,l2arctic,offline,substitute,grew,grow,balls and cities [grew] to be only,Clubs and balls and cities grew to be only memories,Clubs and boards and cities grow to be only memories.,1.24,EBVS,Spanish,,,2,True,Z>S(s),0.0,coincides_mispronunciation
l2arctic_EBVS_arctic_a0048,l2arctic,offline,substitute,handkerchief,chief,looked at the [handkerchief] more closely,He looked at the handkerchief more closely,He looked at the hungry chief more closely.,1.02,EBVS,Spanish,,,2,True,AE1>AA(s),0.0,coincides_mispronunciation
l2arctic_EBVS_arctic_a0053,l2arctic,offline,substitute,handkerchief,chief,tightly over the [handkerchief],Suddenly his fingers closed tightly over the handkerchief,"Suddenly, his fingers closed tightly over the hungry chief.",3.52,EBVS,Spanish,,,2,True,AE1>AA(s),0.0,coincides_mispronunciation
l2arctic_ABA_arctic_a0013,l2arctic,offline,substitute,head,hit,he was a [head] shorter than his,He was a head shorter than his companion of almost delicate physique,he was a hit shorter than his companion of almost delicate physique.,0.68,ABA,Arabic,,,2,False,P>B(s),2.02,asr_error_on_correct_speech
l2arctic_EBVS_arctic_a0013,l2arctic,offline,substitute,head,hit,he was a [head] shorter than his,He was a head shorter than his companion of almost delicate physique,he was a hit shorter than his companion of almost delicate physics.,0.68,EBVS,Spanish,,,2,True,Z>TH(s),0.0,coincides_mispronunciation
l2arctic_HJK_arctic_a0006,l2arctic,offline,substitute,i'll,will,em i hope [i'll] go on seeing,God bless 'em I hope I'll go on seeing them forever,God bless them. I hope I will go on seeing them forever.,1.68,HJK,Korean,,,2,False,EH1>AE1(s),1.15,asr_error_on_correct_speech
l2arctic_HJK_arctic_a0041,l2arctic,offline,substitute,i'll,will,meanwhile [i'll] go out to,Meanwhile I'll go out to breathe a spell,"Meanwhile, I will go out to breathe a spell.",1.0,HJK,Korean,,,2,False,R>sil(d),0.76,asr_error_on_correct_speech
l2arctic_ABA_arctic_a0010,l2arctic,offline,substitute,i'm,am,[i'm] playing a single,I'm playing a single hand in what looks like a losing game,I am playing a single hand in what looks like a losing game.,0.26,ABA,Arabic,,,2,False,,,asr_error_on_correct_speech
l2arctic_ASI_arctic_a0010,l2arctic,offline,substitute,i'm,am,[i'm] playing a single,I'm playing a single hand in what looks like a losing game,I am playing a single hand in what looks like a losing game.,0.2,ASI,Hindi,,,2,True,P>P*(s),0.0,coincides_mispronunciation
l2arctic_ABA_arctic_a0042,l2arctic,offline,substitute,possession,position,he explain his [possession] of the sketch,How could he explain his possession of the sketch,How could he explain his position of the sketch?,1.96,ABA,Arabic,,,2,False,P>B(s),0.51,asr_error_on_correct_speech
l2arctic_EBVS_arctic_a0042,l2arctic,offline,substitute,possession,position,he explain his [possession] of the sketch,How could he explain his possession of the sketch,How could he explain his position of the sketch?,1.74,EBVS,Spanish,,,2,True,Z>S(s),0.0,coincides_mispronunciation
l2arctic_ABA_arctic_a0028,l2arctic,offline,substitute,robbery,rubbery,[robbery] bribery fraud,Robbery bribery fraud,"rubbery, bribery, fraud",0.0,ABA,Arabic,,,2,False,B>P(s),1.08,asr_error_on_correct_speech
l2arctic_HQTV_arctic_a0028,l2arctic,offline,substitute,robbery,rubbery,[robbery] bribery fraud,Robbery bribery fraud,"rubbery, grippery froth.",0.0,HQTV,Vietnamese,,,2,False,AA1>AO1(s),0.19,asr_error_on_correct_speech
l2arctic_BWC_arctic_a0062,l2arctic,offline,substitute,stared,started,the men [stared] into each other's,The men stared into each other's face,the men started into each other's face.,0.32,BWC,Mandarin,,,2,False,EH1>AA(s),0.23,asr_error_on_correct_speech
l2arctic_EBVS_arctic_a0062,l2arctic,offline,substitute,stared,started,the men [stared] into each other's,The men stared into each other's face,The men started into each other's face.,0.34,EBVS,Spanish,,,2,False,DH>D(s),0.25,asr_error_on_correct_speech
l2arctic_BWC_arctic_a0026,l2arctic,offline,substitute,would,will,me that there [would] have to be,It occurred to me that there would have to be an accounting,It occurred to me that there will have to be an accounting.,2.3,BWC,Mandarin,,,2,False,T>sil(d),0.21,asr_error_on_correct_speech
l2arctic_EBVS_arctic_a0026,l2arctic,offline,substitute,would,will,me that there [would] have to be,It occurred to me that there would have to be an accounting,It occurred to me that there will have to be an accounting.,1.66,EBVS,Spanish,,,2,False,DH>D(s),0.17,asr_error_on_correct_speech
l2arctic_HQTV_arctic_a0052,l2arctic,offline,delete,a,,it was [a] curious coincidence,It was a curious coincidence,I was curious coincidence.,0.0,HQTV,Vietnamese,,,1,True,IH0>AY0(s),0.0,coincides_mispronunciation
l2arctic_HQTV_arctic_a0036,l2arctic,offline,delete,at,,she turned in [at] the hotel,She turned in at the hotel,She turned into the hotel.,0.6,HQTV,Vietnamese,,,1,True,ER1>AH0(s),0.0,coincides_mispronunciation
l2arctic_HQTV_arctic_a0067,l2arctic,offline,delete,cried,,excuse you she [cried],Surely I will excuse you she cried,Surely I will excuse your secret,1.8,HQTV,Vietnamese,,,1,True,SH>S(s),0.0,coincides_mispronunciation
l2arctic_HQTV_arctic_a0013,l2arctic,offline,delete,head,,he was a [head] shorter than his,He was a head shorter than his companion of almost delicate physique,he was ahead shorter than his companion of almost delicate physics.,0.54,HQTV,Vietnamese,,,1,False,D>T(s),0.5,asr_error_on_correct_speech
l2arctic_EBVS_arctic_a0036,l2arctic,offline,delete,hotel,,in at the [hotel],She turned in at the hotel,she turned in a hotter.,1.4,EBVS,Spanish,,,1,True,AE1>AH(s),0.0,coincides_mispronunciation
l2arctic_BWC_arctic_a0040,l2arctic,offline,delete,is,,wonder why she [is] coming up here,I suppose you wonder why she is coming up here,I suppose you wonder why she's coming up here.,1.8,BWC,Mandarin,,,1,False,Z>S(s),0.36,asr_error_on_correct_speech
l2arctic_BWC_arctic_a0051,l2arctic,offline,delete,of,,the lace was [of] a delicate ivory,The lace was of a delicate ivory color faintly tinted with yellow,"The face was a delicate emerald color, faintly tinted with yellow. The face was a delicate emerald color, not a delicate emerald color, but a delicate emerald color.",0.18,BWC,Mandarin,,,1,True,L>F(s),0.0,coincides_mispronunciation
l2arctic_ABA_arctic_a0041,l2arctic,offline,delete,spell,,to breathe a [spell],Meanwhile I'll go out to breathe a spell,"Meanwhile, I'll go out to breathe sperm.",2.14,ABA,Arabic,,,1,True,R>R*(s),0.0,coincides_mispronunciation
l2arctic_HQTV_arctic_a0019,l2arctic,offline,delete,the,,the line of [the] proposed railroad looking,I followed the line of the proposed railroad looking for chances,I followed the line of proposed railroad looking for change,0.0,HQTV,Vietnamese,,,1,False,AA1>AO1(s),0.38,asr_error_on_correct_speech
l2arctic_ABA_arctic_a0060,l2arctic,offline,insert,,in,,Anyway no one saw her like that,"In a way, no one saw hair like that.",0.0,ABA,Arabic,,,1,False,ER1>EH(s),1.83,asr_error_on_correct_speech
l2arctic_ABA_arctic_a0073,l2arctic,offline,insert,,brew,,The promoter's eyes were heavy with little puffy bags under them,The brew meter's eyes were heavy with little puffy pugs under them.,0.3,ABA,Arabic,,,1,True,P>B(s),0.0,coincides_mispronunciation
l2arctic_ASI_arctic_a0007,l2arctic,offline,insert,,will,,And you always want to see it in the superlative degree,and you will always want to see it in the superlative degree.,0.36,ASI,Hindi,,,1,True,N>N*(s),0.0,coincides_mispronunciation
l2arctic_BWC_arctic_a0021,l2arctic,offline,insert,,re,,It fairly clubbed me into recognizing it,it fairly re -clapped me into recognizing it.,0.98,BWC,Mandarin,,,1,True,sil>R(a),0.0,coincides_mispronunciation
l2arctic_BWC_arctic_a0036,l2arctic,offline,insert,,and,,She turned in at the hotel,She turned in and at the hotel.,1.16,BWC,Mandarin,,,1,True,IH1>IY(s),0.0,coincides_mispronunciation
l2arctic_BWC_arctic_a0048,l2arctic,offline,insert,,hanker,,He looked at the handkerchief more closely,he looked at the hanker shift more closely.,1.24,BWC,Mandarin,,,1,False,T>sil(d),0.25,asr_error_on_correct_speech
l2arctic_BWC_arctic_a0051,l2arctic,offline,insert,,face,,The lace was of a delicate ivory color faintly tinted with yellow,"The face was a delicate emerald color, faintly tinted with yellow. The face was a delicate emerald color, not a delicate emerald color, but a delicate emerald color.",6.66,BWC,Mandarin,,,1,False,DH>TH(s),0.273,asr_error_on_correct_speech
l2arctic_BWC_arctic_a0051,l2arctic,offline,insert,,was,,The lace was of a delicate ivory color faintly tinted with yellow,"The face was a delicate emerald color, faintly tinted with yellow. The face was a delicate emerald color, not a delicate emerald color, but a delicate emerald color.",6.66,BWC,Mandarin,,,1,False,DH>TH(s),0.273,asr_error_on_correct_speech
l2arctic_BWC_arctic_a0051,l2arctic,offline,insert,,not,,The lace was of a delicate ivory color faintly tinted with yellow,"The face was a delicate emerald color, faintly tinted with yellow. The face was a delicate emerald color, not a delicate emerald color, but a delicate emerald color.",6.68,BWC,Mandarin,,,1,False,DH>TH(s),0.293,asr_error_on_correct_speech
l2arctic_BWC_arctic_a0051,l2arctic,offline,insert,,but,,The lace was of a delicate ivory color faintly tinted with yellow,"The face was a delicate emerald color, faintly tinted with yellow. The face was a delicate emerald color, not a delicate emerald color, but a delicate emerald color.",6.92,BWC,Mandarin,,,1,False,DH>TH(s),0.533,asr_error_on_correct_speech
l2arctic_EBVS_arctic_a0037,l2arctic,offline,insert,,reminded,,I was the only one who remained sitting,I was the only one who reminded me of sitting.,2.04,EBVS,Spanish,,,1,False,EY1>AY(s),0.18,asr_error_on_correct_speech
l2arctic_EBVS_arctic_a0037,l2arctic,offline,insert,,me,,I was the only one who remained sitting,I was the only one who reminded me of sitting.,2.32,EBVS,Spanish,,,1,True,EY1>AY(s),0.0,coincides_mispronunciation
l2arctic_HJK_arctic_a0047,l2arctic,offline,insert,,of,,Close beside him gleamed the white fangs of the wolf dog,Close beside him gleamed of the white fangs of the wolf dog.,1.58,HJK,Korean,,,1,False,Z>S(s),1.02,asr_error_on_correct_speech
l2arctic_HQTV_arctic_a0053,l2arctic,offline,insert,,cover,,Suddenly his fingers closed tightly over the handkerchief,Suddenly his finger closed tightly over the hand cover shape.,3.16,HQTV,Vietnamese,,,1,True,ER0>AO1(s),0.0,coincides_mispronunciation
l2arctic_ABA_arctic_a0041,l2arctic,offline,substitute,a,sperm,out to breathe [a] spell,Meanwhile I'll go out to breathe a spell,"Meanwhile, I'll go out to breathe sperm.",2.14,ABA,Arabic,,,1,True,R>R*(s),0.0,coincides_mispronunciation
l2arctic_HQTV_arctic_a0013,l2arctic,offline,substitute,a,ahead,he was [a] head shorter than,He was a head shorter than his companion of almost delicate physique,he was ahead shorter than his companion of almost delicate physics.,0.54,HQTV,Vietnamese,,,1,False,D>T(s),0.5,asr_error_on_correct_speech
l2arctic_HQTV_arctic_a0041,l2arctic,offline,substitute,a,the,out to breathe [a] spell,Meanwhile I'll go out to breathe a spell,"Meanwhile, I'm going out to breathe the spell",1.86,HQTV,Vietnamese,,,1,True,DH>TH(s),0.0,coincides_mispronunciation
l2arctic_HQTV_arctic_a0063,l2arctic,offline,substitute,a,like,man who asked [a] stranger,Yes it was a man who asked a stranger,"Yes, it was a man who acts like stronger.",1.84,HQTV,Vietnamese,,,1,True,S>K(s),0.0,coincides_mispronunciation
l2arctic_HQTV_arctic_a0007,l2arctic,offline,substitute,always,only,and you [always] want to see,And you always want to see it in the superlative degree,and you only want to see it in the superlative degree,0.48,HQTV,Vietnamese,,,1,True,AO1>OW1(s),0.0,coincides_mispronunciation
l2arctic_ABA_arctic_a0060,l2arctic,offline,substitute,anyway,way,[anyway] no one saw,Anyway no one saw her like that,"In a way, no one saw hair like that.",0.36,ABA,Arabic,,,1,False,ER1>EH(s),1.47,asr_error_on_correct_speech
l2arctic_HQTV_arctic_a0063,l2arctic,offline,substitute,asked,acts,a man who [asked] a stranger,Yes it was a man who asked a stranger,"Yes, it was a man who acts like stronger.",1.54,HQTV,Vietnamese,,,1,False,S>K(s),0.156,asr_error_on_correct_speech
l2arctic_EBVS_arctic_a0036,l2arctic,offline,substitute,at,a,she turned in [at] the hotel,She turned in at the hotel,she turned in a hotter.,1.14,EBVS,Spanish,,,1,True,AE1>AH(s),0.0,coincides_mispronunciation
l2arctic_ABA_arctic_a0073,l2arctic,offline,substitute,bags,pugs,with little puffy [bags] under them,The promoter's eyes were heavy with little puffy bags under them,The brew meter's eyes were heavy with little puffy pugs under them.,4.38,ABA,Arabic,,,1,False,AE1>AA(s),0.19,asr_error_on_correct_speech
l2arctic_BWC_arctic_a0073,l2arctic,offline,substitute,bags,backs,with little puffy [bags] under them,The promoter's eyes were heavy with little puffy bags under them,The palmetto's eyes were heavy with little puffed backs under them.,4.42,BWC,Mandarin,,,1,True,IY0>sil(d),0.0,coincides_mispronunciation
l2arctic_EBVS_arctic_a0073,l2arctic,offline,substitute,bags,bugs,with little puffy [bags] under them,The promoter's eyes were heavy with little puffy bags under them,The promoter's eyes were happy with little puffy bugs under them.,4.68,EBVS,Spanish,,,1,True,AE1>AA(s),0.0,coincides_mispronunciation
l2arctic_HQTV_arctic_a0073,l2arctic,offline,substitute,bags,bass,with little puffy [bags] under them,The promoter's eyes were heavy with little puffy bags under them,The promoter eyes were heavy with little puffy bass under them.,3.9,HQTV,Vietnamese,,,1,False,G>sil(d),0.32,asr_error_on_correct_speech
l2arctic_ABA_arctic_a0020,l2arctic,offline,substitute,balls,pools,clubs and [balls] and cities grew,Clubs and balls and cities grew to be only memories,clubs and pools and cities grow to be only memories.,0.72,ABA,Arabic,,,1,False,R>R*(s),1.41,asr_error_on_correct_speech
l2arctic_BWC_arctic_a0020,l2arctic,offline,substitute,balls,bars,clubs and [balls] and cities grew,Clubs and balls and cities grew to be only memories,clubs and bars and cities grew to be only memories.,0.94,BWC,Mandarin,,,1,True,D>sil(d),0.0,coincides_mispronunciation
l2arctic_EBVS_arctic_a0020,l2arctic,offline,substitute,balls,boards,clubs and [balls] and cities grew,Clubs and balls and cities grew to be only memories,Clubs and boards and cities grow to be only memories.,0.4,EBVS,Spanish,,,1,True,Z>S(s),0.0,coincides_mispronunciation
l2arctic_HQTV_arctic_a0020,l2arctic,offline,substitute,balls,boons,clubs and [balls] and cities grew,Clubs and balls and cities grew to be only memories,clubs and boons and cities create to be only memories.,0.66,HQTV,Vietnamese,,,1,True,AO1>OW1(s),0.0,coincides_mispronunciation
l2arctic_ASI_arctic_a0041,l2arctic,offline,substitute,breathe,breath,go out to [breathe] a spell,Meanwhile I'll go out to breathe a spell,"Meanwhile, I'll go out to breath a spell.",1.4,ASI,Hindi,,,1,True,T>T*(s),0.0,coincides_mispronunciation
l2arctic_HQTV_arctic_a0028,l2arctic,offline,substitute,bribery,grippery,robbery [bribery] fraud,Robbery bribery fraud,"rubbery, grippery froth.",1.24,HQTV,Vietnamese,,,1,True,AY1>IY1(s),0.0,coincides_mispronunciation
l2arctic_EBVS_arctic_a0008,l2arctic,offline,substitute,came,comes,gad your letter [came] just in time,Gad your letter came just in time,"God, your letter comes just in time.",1.8,EBVS,Spanish,,,1,True,T>DH(s),0.0,coincides_mispronunciation
l2arctic_HQTV_arctic_a0058,l2arctic,offline,substitute,came,can,i [came] for information more,I came for information more out of curiosity than anything else,I can find information more out of curiosity than anything else.,0.24,HQTV,Vietnamese,,,1,False,R>sil(d),0.36,asr_error_on_correct_speech
l2arctic_HQTV_arctic_a0023,l2arctic,offline,substitute,canadian,canadians,a combination of [canadian] capital quickly organized,A combination of Canadian capital quickly organized and petitioned for the same privileges,"a combination of Canadians, capital weekly, organized and petitioned for the same privilege.",1.0,HQTV,Vietnamese,,,1,True,V>P(s),0.0,coincides_mispronunciation
l2arctic_HQTV_arctic_a0019,l2arctic,offline,substitute,chances,change,railroad looking for [chances],I followed the line of the proposed railroad looking for chances,I followed the line of proposed railroad looking for change,2.98,HQTV,Vietnamese,,,1,True,R>sil(d),0.0,coincides_mispronunciation
l2arctic_HQTV_arctic_a0075,l2arctic,offline,substitute,change,chance,has been a [change] she interrupted him,There has been a change she interrupted him,There has been a chance he interrupted him.,0.86,HQTV,Vietnamese,,,1,True,JH>S(s),0.0,coincides_mispronunciation
l2arctic_ABA_arctic_a0024,l2arctic,offline,substitute,chiefly,chively,the north which [chiefly] induced people to,It was my reports from the north which chiefly induced people to buy,It was my reports from the north which chively induced people to buy.,3.14,ABA,Arabic,,,1,False,R>R*(s),0.7,asr_error_on_correct_speech
l2arctic_HQTV_arctic_a0024,l2arctic,offline,substitute,chiefly,sharply,the north which [chiefly] induced people to,It was my reports from the north which chiefly induced people to buy,"This was my report from the North, which sharply induced people to buy.",2.94,HQTV,Vietnamese,,,1,False,IH1>IY1(s),0.17,asr_error_on_correct_speech
l2arctic_ASI_arctic_a0021,l2arctic,offline,substitute,clubbed,clogged,it fairly [clubbed] me into recognizing,It fairly clubbed me into recognizing it,It fairly clogged me into recognizing it.,0.54,ASI,Hindi,,,1,True,R>R*(s),0.0,coincides_mispronunciation
l2arctic_BWC_arctic_a0021,l2arctic,offline,substitute,clubbed,clapped,it fairly [clubbed] me into recognizing,It fairly clubbed me into recognizing it,it fairly re -clapped me into recognizing it.,1.3,BWC,Mandarin,,,1,True,sil>R(a),0.0,coincides_mispronunciation
l2arctic_HJK_arctic_a0021,l2arctic,offline,substitute,clubbed,clobbed,it fairly [clubbed] me into recognizing,It fairly clubbed me into recognizing it,It fairly clobbed me into recognizing it.,0.7,HJK,Korean,,,1,False,Z>S(s),1.43,asr_error_on_correct_speech
l2arctic_HJK_arctic_a0020,l2arctic,offline,substitute,clubs,clops,[clubs] and balls and,Clubs and balls and cities grew to be only memories,Clops and balls and cities grew to be only memories.,0.0,HJK,Korean,,,1,False,Z>S(s),0.35,asr_error_on_correct_speech
l2arctic_EBVS_arctic_a0025,l2arctic,offline,substitute,cooler,courier,do this when [cooler] judgment prevailed,I was about to do this when cooler judgment prevailed,I was about to do this when the courier judgments provide.,2.54,EBVS,Spanish,,,1,True,sil>AX(a),0.0,coincides_mispronunciation
l2arctic_HQTV_arctic_a0025,l2arctic,offline,substitute,cooler,cool,do this when [cooler] judgment prevailed,I was about to do this when cooler judgment prevailed,I was about to do this when the cool adjustment reviled,2.16,HQTV,Vietnamese,,,1,True,ER0>AH0(s),0.0,coincides_mispronunciation
l2arctic_BWC_arctic_a0065,l2arctic,offline,substitute,cords,cord,fingers were like [cords] of steel,They closed now until his fingers were like cords of steel,Stay close now until his fingers were little cord of steel.,3.42,BWC,Mandarin,,,1,True,K>DH(s),0.0,coincides_mispronunciation
l2arctic_EBVS_arctic_a0065,l2arctic,offline,substitute,cords,cores,fingers were like [cords] of steel,They closed now until his fingers were like cords of steel,"They closed now, until his fingers were like cores of steel.",3.28,EBVS,Spanish,,,1,True,K>sil(d),0.0,coincides_mispronunciation
l2arctic_HQTV_arctic_a0065,l2arctic,offline,substitute,cords,cars,fingers were like [cords] of steel,They closed now until his fingers were like cords of steel,They closed now until his fingers were like cars of steel.,2.98,HQTV,Vietnamese,,,1,False,R>sil(d),0.23,asr_error_on_correct_speech
l2arctic_BWC_arctic_a0042,l2arctic,offline,substitute,could,would,how [could] he explain his,How could he explain his possession of the sketch,How would she explain his perception of the sketch?,0.38,BWC,Mandarin,,,1,True,K>W(s),0.0,coincides_mispronunciation
l2arctic_BWC_arctic_a0064,l2arctic,offline,substitute,developments,derailments,passed without any [developments],The fourth and fifth days passed without any developments,the fourth and 50 days passed without any derailments.,3.18,BWC,Mandarin,,,1,False,T>sil(d),0.33,asr_error_on_correct_speech
l2arctic_ABA_arctic_a0047,l2arctic,offline,substitute,dog,duck,of the wolf [dog],Close beside him gleamed the white fangs of the wolf dog,"Close beside him, gleamed the white fangs of the wolf -duck.",4.46,ABA,Arabic,,,1,False,AO1>OW(s),0.18,asr_error_on_correct_speech
l2arctic_EBVS_arctic_a0027,l2arctic,offline,substitute,enthusiasm,intuitions,to show actual [enthusiasm] in my favor,To my surprise he began to show actual enthusiasm in my favor,"To my surprise, he began to show actual intuitions in my favor.",2.46,EBVS,Spanish,,,1,True,SH>T(s),0.0,coincides_mispronunciation
l2arctic_ASI_arctic_a0076,l2arctic,offline,substitute,eyes,ice,the gray [eyes] faltered the flush,The gray eyes faltered the flush deepened,"The grey ice faltered, the flush deepened.",0.42,ASI,Hindi,,,1,True,R>R*(s),0.0,coincides_mispronunciation
l2arctic_BWC_arctic_a0076,l2arctic,offline,substitute,eyes,as,the gray [eyes] faltered the flush,The gray eyes faltered the flush deepened,"the grid as filtered, the flow deepened.",0.5,BWC,Mandarin,,,1,True,EY1>IY(s),0.0,coincides_mispronunciation
l2arctic_EBVS_arctic_a0076,l2arctic,offline,substitute,eyes,is,the gray [eyes] faltered the flush,The gray eyes faltered the flush deepened,"The grey is faltered, the flash deepens.",0.42,EBVS,Spanish,,,1,False,AY1>EY(s),0.18,asr_error_on_correct_speech
l2arctic_HQTV_arctic_a0062,l2arctic,offline,substitute,face,phase,into each other's [face],The men stared into each other's face,The men stay into each other phase.,1.64,HQTV,Vietnamese,,,1,True,AH1>AA*(s),0.0,coincides_mispronunciation
l2arctic_EBVS_arctic_a0046,l2arctic,offline,substitute,faced,faces,the girl [faced] him her eyes,The girl faced him her eyes shining with sudden fear,"The girl faces him, her eyes shining with sudden fear.",0.38,EBVS,Spanish,,,1,True,G>err(s),0.0,coincides_mispronunciation
l2arctic_HQTV_arctic_a0051,l2arctic,offline,substitute,faintly,friendly,delicate ivory color [faintly] tinted with yellow,The lace was of a delicate ivory color faintly tinted with yellow,"The legs will offer a delicate ivory color, friendly tiny with yellow",3.72,HQTV,Vietnamese,,,1,True,N>sil(d),0.0,coincides_mispronunciation
l2arctic_HQTV_arctic_a0076,l2arctic,offline,substitute,faltered,fondle,the gray eyes [faltered] the flush deepened,The gray eyes faltered the flush deepened,The gray eyes fondle the flush deepens.,0.92,HQTV,Vietnamese,,,1,False,AA1>AO1(s),0.2,asr_error_on_correct_speech
l2arctic_BWC_arctic_a0047,l2arctic,offline,substitute,fangs,front,gleamed the white [fangs] of the wolf,Close beside him gleamed the white fangs of the wolf dog,Clothes beside him gleamed the white front of the wolf dog.,3.52,BWC,Mandarin,,,1,False,sil>W(a),0.514,asr_error_on_correct_speech
l2arctic_BWC_arctic_a0064,l2arctic,offline,substitute,fifth,50,the fourth and [fifth] days passed without,The fourth and fifth days passed without any developments,the fourth and 50 days passed without any derailments.,0.74,BWC,Mandarin,,,1,True,D>sil(d),0.0,coincides_mispronunciation
l2arctic_HQTV_arctic_a0053,l2arctic,offline,substitute,fingers,finger,suddenly his [fingers] closed tightly over,Suddenly his fingers closed tightly over the handkerchief,Suddenly his finger closed tightly over the hand cover shape.,0.78,HQTV,Vietnamese,,,1,True,IH1>IY1(s),0.0,coincides_mispronunciation
l2arctic_BWC_arctic_a0076,l2arctic,offline,substitute,flush,flow,eyes faltered the [flush] deepened,The gray eyes faltered the flush deepened,"the grid as filtered, the flow deepened.",2.04,BWC,Mandarin,,,1,True,DH>D(s),0.0,coincides_mispronunciation
l2arctic_HQTV_arctic_a0058,l2arctic,offline,substitute,for,find,i came [for] information more out,I came for information more out of curiosity than anything else,I can find information more out of curiosity than anything else.,0.4,HQTV,Vietnamese,,,1,False,R>sil(d),0.2,asr_error_on_correct_speech
l2arctic_HQTV_arctic_a0032,l2arctic,offline,substitute,force,folks,then some mysterious [force] has been fighting,Since then some mysterious force has been fighting us at every step,seen then some mysterious folks has been fighting us at every step.,1.56,HQTV,Vietnamese,,,1,True,IY1>IH1(s),0.0,coincides_mispronunciation
l2arctic_HQTV_arctic_a0029,l2arctic,offline,substitute,forces,folks,their [forces] were already moving,Their forces were already moving into the north country,their folks were already moving into the north country.,0.28,HQTV,Vietnamese,,,1,True,DH>D(s),0.0,coincides_mispronunciation
l2arctic_HQTV_arctic_a0028,l2arctic,offline,substitute,fraud,froth,robbery bribery [fraud],Robbery bribery fraud,"rubbery, grippery froth.",1.66,HQTV,Vietnamese,,,1,False,AO1>OW1(s),0.32,asr_error_on_correct_speech
l2arctic_HJK_arctic_a0008,l2arctic,offline,substitute,gad,get,[gad] your letter came,Gad your letter came just in time,Get your letter came just in time.,0.0,HJK,Korean,,,1,False,,,asr_error_on_correct_speech
l2arctic_HQTV_arctic_a0008,l2arctic,offline,substitute,gad,yes,[gad] your letter came,Gad your letter came just in time,"Yes, your letter came just in time.",0.0,HQTV,Vietnamese,,,1,False,D>T(s),0.43,asr_error_on_correct_speech
l2arctic_EBVS_arctic_a0047,l2arctic,offline,substitute,gleamed,glimmered,close beside him [gleamed] the white fangs,Close beside him gleamed the white fangs of the wolf dog,Close beside him glimmered the white fangs of the wolf dog.,1.04,EBVS,Spanish,,,1,False,sil>EH(a),0.362,asr_error_on_correct_speech
l2arctic_HQTV_arctic_a0047,l2arctic,offline,substitute,gleamed,claimed,close beside him [gleamed] the white fangs,Close beside him gleamed the white fangs of the wolf dog,Clothes beside him claimed the white fangs of the wolf dog.,1.28,HQTV,Vietnamese,,,1,True,G>K(s),0.0,coincides_mispronunciation
l2arctic_HQTV_arctic_a0041,l2arctic,offline,substitute,go,going,meanwhile i'll [go] out to breathe,Meanwhile I'll go out to breathe a spell,"Meanwhile, I'm going out to breathe the spell",0.76,HQTV,Vietnamese,,,1,True,L>sil(d),0.0,coincides_mispronunciation
l2arctic_BWC_arctic_a0076,l2arctic,offline,substitute,gray,grid,the [gray] eyes faltered the,The gray eyes faltered the flush deepened,"the grid as filtered, the flow deepened.",0.2,BWC,Mandarin,,,1,True,DH>D(s),0.0,coincides_mispronunciation
l2arctic_HQTV_arctic_a0020,l2arctic,offline,substitute,grew,create,balls and cities [grew] to be only,Clubs and balls and cities grew to be only memories,clubs and boons and cities create to be only memories.,1.52,HQTV,Vietnamese,,,1,False,IH1>IY1(s),0.26,asr_error_on_correct_speech
l2arctic_HQTV_arctic_a0030,l2arctic,offline,substitute,had,have,i [had] faith in them,I had faith in them,I have faith in them.,0.18,HQTV,Vietnamese,,,1,False,D>V(s),0.16,asr_error_on_correct_speech
l2arctic_HQTV_arctic_a0045,l2arctic,offline,substitute,had,has,quietly as he [had] come,He moved away as quietly as he had come,He moved away as quietly as he has come.,2.28,HQTV,Vietnamese,,,1,True,D>Z(s),0.0,coincides_mispronunciation
l2arctic_ABA_arctic_a0048,l2arctic,offline,substitute,handkerchief,kerchief,looked at the [handkerchief] more closely,He looked at the handkerchief more closely,He looked at the hand kerchief more closely.,1.72,ABA,Arabic,,,1,True,sil>D(a),0.0,coincides_mispronunciation
l2arctic_ABA_arctic_a0053,l2arctic,offline,substitute,handkerchief,crochet,tightly over the [handkerchief],Suddenly his fingers closed tightly over the handkerchief,"Suddenly, his fingers closed tightly over the hand crochet.",3.3,ABA,Arabic,,,1,True,NG>N(s),0.0,coincides_mispronunciation
l2arctic_BWC_arctic_a0048,l2arctic,offline,substitute,handkerchief,shift,looked at the [handkerchief] more closely,He looked at the handkerchief more closely,he looked at the hanker shift more closely.,1.88,BWC,Mandarin,,,1,True,CH>SH(s),0.0,coincides_mispronunciation
l2arctic_HQTV_arctic_a0053,l2arctic,offline,substitute,handkerchief,shape,tightly over the [handkerchief],Suddenly his fingers closed tightly over the handkerchief,Suddenly his finger closed tightly over the hand cover shape.,3.36,HQTV,Vietnamese,,,1,True,ER0>AO1(s),0.0,coincides_mispronunciation
l2arctic_BWC_arctic_a0042,l2arctic,offline,substitute,he,she,how could [he] explain his possession,How could he explain his possession of the sketch,How would she explain his perception of the sketch?,0.68,BWC,Mandarin,,,1,True,K>W(s),0.0,coincides_mispronunciation
l2arctic_EBVS_arctic_a0073,l2arctic,offline,substitute,heavy,happy,promoter's eyes were [heavy] with little puffy,The promoter's eyes were heavy with little puffy bags under them,The promoter's eyes were happy with little puffy bugs under them.,1.9,EBVS,Spanish,,,1,False,Z>S(s),0.26,asr_error_on_correct_speech
l2arctic_ABA_arctic_a0060,l2arctic,offline,substitute,her,hair,no one saw [her] like that,Anyway no one saw her like that,"In a way, no one saw hair like that.",1.66,ABA,Arabic,,,1,False,ER1>EH(s),0.17,asr_error_on_correct_speech
l2arctic_HQTV_arctic_a0006,l2arctic,offline,substitute,i'll,i,em i hope [i'll] go on seeing,God bless 'em I hope I'll go on seeing them forever,God bless them. I hope I go and see them forever.,1.62,HQTV,Vietnamese,,,1,True,OW1>AO1(s),0.0,coincides_mispronunciation
l2arctic_HQTV_arctic_a0041,l2arctic,offline,substitute,i'll,i'm,meanwhile [i'll] go out to,Meanwhile I'll go out to breathe a spell,"Meanwhile, I'm going out to breathe the spell",0.64,HQTV,Vietnamese,,,1,True,L>sil(d),0.0,coincides_mispronunciation
l2arctic_BWC_arctic_a0010,l2arctic,offline,substitute,i'm,and,[i'm] playing a single,I'm playing a single hand in what looks like a losing game,and playing a single hand in what looks like a lost game.,0.0,BWC,Mandarin,,,1,False,L>sil(d),1.05,asr_error_on_correct_speech
l2arctic_BWC_arctic_a0039,l2arctic,offline,substitute,in,eaten,ship should be [in] within a week,The ship should be in within a week or ten days,The sheep should be eaten within a week or 10 days.,1.02,BWC,Mandarin,,,1,False,D>sil(d),0.2,asr_error_on_correct_speech
l2arctic_HQTV_arctic_a0027,l2arctic,offline,substitute,in,to,show actual enthusiasm [in] my favor,To my surprise he began to show actual enthusiasm in my favor,"To my surprise, he began to show actual enthusiasm to my favor.",3.92,HQTV,Vietnamese,,,1,True,AE2>sil(d),0.0,coincides_mispronunciation
l2arctic_HQTV_arctic_a0036,l2arctic,offline,substitute,in,into,she turned [in] at the hotel,She turned in at the hotel,She turned into the hotel.,0.6,HQTV,Vietnamese,,,1,True,ER1>AH0(s),0.0,coincides_mispronunciation
l2arctic_BWC_arctic_a0075,l2arctic,offline,substitute,interrupted,interrupt,a change she [interrupted] him,There has been a change she interrupted him,"There has been a change, she interrupt him.",2.46,BWC,Mandarin,,,1,False,JH>CH(s),0.59,asr_error_on_correct_speech
l2arctic_EBVS_arctic_a0021,l2arctic,offline,substitute,into,to,fairly clubbed me [into] recognizing it,It fairly clubbed me into recognizing it,It's fairly clubbed me to recognize it.,1.28,EBVS,Spanish,,,1,False,sil>AX(a),0.338,asr_error_on_correct_speech
l2arctic_EBVS_arctic_a0021,l2arctic,offline,substitute,it,it's,[it] fairly clubbed me,It fairly clubbed me into recognizing it,It's fairly clubbed me to recognize it.,0.0,EBVS,Spanish,,,1,False,EH1>ER(s),0.33,asr_error_on_correct_speech
l2arctic_HQTV_arctic_a0024,l2arctic,offline,substitute,it,this,[it] was my reports,It was my reports from the north which chiefly induced people to buy,"This was my report from the North, which sharply induced people to buy.",0.0,HQTV,Vietnamese,,,1,False,T>S(s),0.17,asr_error_on_correct_speech
l2arctic_HQTV_arctic_a0052,l2arctic,offline,substitute,it,i,[it] was a curious,It was a curious coincidence,I was curious coincidence.,0.0,HQTV,Vietnamese,,,1,True,IH0>AY0(s),0.0,coincides_mispronunciation
l2arctic_BWC_arctic_a0051,l2arctic,offline,substitute,ivory,emerald,of a delicate [ivory] color faintly tinted,The lace was of a delicate ivory color faintly tinted with yellow,"The face was a delicate emerald color, faintly tinted with yellow. The face was a delicate emerald color, not a delicate emerald color, but a delicate emerald color.",2.56,BWC,Mandarin,,,1,True,AH0>EH(s),0.0,coincides_mispronunciation
l2arctic_BWC_arctic_a0025,l2arctic,offline,substitute,judgment,document,this when cooler [judgment] prevailed,I was about to do this when cooler judgment prevailed,I was about to do this one cooler document previewed.,2.36,BWC,Mandarin,,,1,False,JH>G(s),0.41,asr_error_on_correct_speech
l2arctic_EBVS_arctic_a0025,l2arctic,offline,substitute,judgment,judgments,this when cooler [judgment] prevailed,I was about to do this when cooler judgment prevailed,I was about to do this when the courier judgments provide.,2.84,EBVS,Spanish,,,1,False,sil>AX(a),0.38,asr_error_on_correct_speech
l2arctic_HQTV_arctic_a0025,l2arctic,offline,substitute,judgment,adjustment,this when cooler [judgment] prevailed,I was about to do this when cooler judgment prevailed,I was about to do this when the cool adjustment reviled,2.24,HQTV,Vietnamese,,,1,True,ER0>AH0(s),0.0,coincides_mispronunciation
l2arctic_BWC_arctic_a0051,l2arctic,offline,substitute,lace,face,the [lace] was of a,The lace was of a delicate ivory color faintly tinted with yellow,"The face was a delicate emerald color, faintly tinted with yellow. The face was a delicate emerald color, not a delicate emerald color, but a delicate emerald color.",0.18,BWC,Mandarin,,,1,True,L>F(s),0.0,coincides_mispronunciation
l2arctic_EBVS_arctic_a0051,l2arctic,offline,substitute,lace,lady,the [lace] was of a,The lace was of a delicate ivory color faintly tinted with yellow,"The lady was of a delicate ivory color, faintly tinted with yellow.",0.2,EBVS,Spanish,,,1,False,S>sil(d),0.2,asr_error_on_correct_speech
l2arctic_HQTV_arctic_a0051,l2arctic,offline,substitute,lace,legs,the [lace] was of a,The lace was of a delicate ivory color faintly tinted with yellow,"The legs will offer a delicate ivory color, friendly tiny with yellow",0.22,HQTV,Vietnamese,,,1,True,DH>D(s),0.0,coincides_mispronunciation
l2arctic_BWC_arctic_a0065,l2arctic,offline,substitute,like,little,his fingers were [like] cords of steel,They closed now until his fingers were like cords of steel,Stay close now until his fingers were little cord of steel.,3.02,BWC,Mandarin,,,1,True,AY1>IY(s),0.0,coincides_mispronunciation
l2arctic_BWC_arctic_a0010,l2arctic,offline,substitute,losing,lost,looks like a [losing] game,I'm playing a single hand in what looks like a losing game,and playing a single hand in what looks like a lost game.,2.78,BWC,Mandarin,,,1,False,UW1>AO(s),0.29,asr_error_on_correct_speech
l2arctic_HQTV_arctic_a0010,l2arctic,offline,substitute,losing,loosening,looks like a [losing] game,I'm playing a single hand in what looks like a losing game,I'm playing a single hand in what looks like a loosening game.,3.12,HQTV,Vietnamese,,,1,True,K>sil(d),0.0,coincides_mispronunciation
l2arctic_BWC_arctic_a0022,l2arctic,offline,substitute,met,made,before we were [met] by powerful opposition,Hardly were our plans made public before we were met by powerful opposition,Hardly were our plans made public before we were made by powerful opposition.,4.58,BWC,Mandarin,,,1,False,EH1>IY(s),0.18,asr_error_on_correct_speech
l2arctic_ABA_arctic_a0032,l2arctic,offline,substitute,mysterious,maestre,since then some [mysterious] force has been,Since then some mysterious force has been fighting us at every step,"Since then, some Maestre force has been fighting us at every step.",1.84,ABA,Arabic,,,1,False,IH0>AY(s),0.62,asr_error_on_correct_speech
l2arctic_EBVS_arctic_a0011,l2arctic,offline,substitute,need,needed,my life i [need] one now,If I ever needed a fighter in my life I need one now,"If I ever needed a fighter in my life, I needed one now.",3.54,EBVS,Spanish,,,1,False,sil>AX(a),0.19,asr_error_on_correct_speech
l2arctic_HQTV_arctic_a0071,l2arctic,offline,substitute,object,objects,what was the [object] of your little,What was the object of your little sensation,What were the objects of your little sensation?,0.74,HQTV,Vietnamese,,,1,True,Z>sil(d),0.0,coincides_mispronunciation
l2arctic_HQTV_arctic_a0051,l2arctic,offline,substitute,of,offer,the lace was [of] a delicate ivory,The lace was of a delicate ivory color faintly tinted with yellow,"The legs will offer a delicate ivory color, friendly tiny with yellow",0.68,HQTV,Vietnamese,,,1,True,AO1>AH0(s),0.0,coincides_mispronunciation
l2arctic_HQTV_arctic_a0006,l2arctic,offline,substitute,on,and,hope i'll go [on] seeing them forever,God bless 'em I hope I'll go on seeing them forever,God bless them. I hope I go and see them forever.,2.18,HQTV,Vietnamese,,,1,True,AA1>AH0(s),0.0,coincides_mispronunciation
l2arctic_ABA_arctic_a0023,l2arctic,offline,substitute,organized,organised,canadian capital quickly [organized] and petitioned for,A combination of Canadian capital quickly organized and petitioned for the same privileges,a combination of Canadian capital quickly organised and petitioned for the same privileges.,2.54,ABA,Arabic,,,1,False,R>R*(s),0.54,asr_error_on_correct_speech
l2arctic_HQTV_arctic_a0062,l2arctic,offline,substitute,other's,other,stared into each [other's] face,The men stared into each other's face,The men stay into each other phase.,1.32,HQTV,Vietnamese,,,1,True,AH1>AA*(s),0.0,coincides_mispronunciation
l2arctic_HQTV_arctic_a0064,l2arctic,offline,substitute,passed,pass,and fifth days [passed] without any developments,The fourth and fifth days passed without any developments,The fourth and fifth days pass without any developments.,1.76,HQTV,Vietnamese,,,1,False,TH>T(s),0.48,asr_error_on_correct_speech
l2arctic_BWC_arctic_a0042,l2arctic,offline,substitute,possession,perception,he explain his [possession] of the sketch,How could he explain his possession of the sketch,How would she explain his perception of the sketch?,1.84,BWC,Mandarin,,,1,True,Z>S(s),0.0,coincides_mispronunciation
l2arctic_BWC_arctic_a0025,l2arctic,offline,substitute,prevailed,previewed,when cooler judgment [prevailed],I was about to do this when cooler judgment prevailed,I was about to do this one cooler document previewed.,3.02,BWC,Mandarin,,,1,True,JH>G(s),0.0,coincides_mispronunciation
l2arctic_EBVS_arctic_a0025,l2arctic,offline,substitute,prevailed,provide,when cooler judgment [prevailed],I was about to do this when cooler judgment prevailed,I was about to do this when the courier judgments provide.,3.86,EBVS,Spanish,,,1,True,JH>err(s),0.0,coincides_mispronunciation
l2arctic_HQTV_arctic_a0025,l2arctic,offline,substitute,prevailed,reviled,when cooler judgment [prevailed],I was about to do this when cooler judgment prevailed,I was about to do this when the cool adjustment reviled,2.72,HQTV,Vietnamese,,,1,True,JH>S(s),0.0,coincides_mispronunciation
l2arctic_ABA_arctic_a0073,l2arctic,offline,substitute,promoter's,meter's,the [promoter's] eyes were heavy,The promoter's eyes were heavy with little puffy bags under them,The brew meter's eyes were heavy with little puffy pugs under them.,0.56,ABA,Arabic,,,1,True,R>R*(s),0.0,coincides_mispronunciation
l2arctic_BWC_arctic_a0073,l2arctic,offline,substitute,promoter's,palmetto's,the [promoter's] eyes were heavy,The promoter's eyes were heavy with little puffy bags under them,The palmetto's eyes were heavy with little puffed backs under them.,0.26,BWC,Mandarin,,,1,False,DH>D(s),0.16,asr_error_on_correct_speech
l2arctic_HQTV_arctic_a0073,l2arctic,offline,substitute,promoter's,promoter,the [promoter's] eyes were heavy,The promoter's eyes were heavy with little puffy bags under them,The promoter eyes were heavy with little puffy bass under them.,0.24,HQTV,Vietnamese,,,1,True,DH>D(s),0.0,coincides_mispronunciation
l2arctic_BWC_arctic_a0019,l2arctic,offline,substitute,proposed,proper,line of the [proposed] railroad looking for,I followed the line of the proposed railroad looking for chances,I followed the line of the proper railroad looking for chance.,2.28,BWC,Mandarin,,,1,False,DH>D(s),0.19,asr_error_on_correct_speech
l2arctic_BWC_arctic_a0073,l2arctic,offline,substitute,puffy,puffed,heavy with little [puffy] bags under them,The promoter's eyes were heavy with little puffy bags under them,The palmetto's eyes were heavy with little puffed backs under them.,3.7,BWC,Mandarin,,,1,False,IY0>sil(d),0.7,asr_error_on_correct_speech
l2arctic_HQTV_arctic_a0023,l2arctic,offline,substitute,quickly,weekly,of canadian capital [quickly] organized and petitioned,A combination of Canadian capital quickly organized and petitioned for the same privileges,"a combination of Canadians, capital weekly, organized and petitioned for the same privilege.",2.78,HQTV,Vietnamese,,,1,True,IH0>IY0(s),0.0,coincides_mispronunciation
l2arctic_BWC_arctic_a0045,l2arctic,offline,substitute,quietly,quickly,moved away as [quietly] as he had,He moved away as quietly as he had come,He moved away as quickly as he had come.,1.12,BWC,Mandarin,,,1,True,Z>S(s),0.0,coincides_mispronunciation
l2arctic_EBVS_arctic_a0021,l2arctic,offline,substitute,recognizing,recognize,clubbed me into [recognizing] it,It fairly clubbed me into recognizing it,It's fairly clubbed me to recognize it.,1.62,EBVS,Spanish,,,1,False,G>sil(d),0.237,asr_error_on_correct_speech
l2arctic_BWC_arctic_a0037,l2arctic,offline,substitute,remained,reminded,only one who [remained] sitting,I was the only one who remained sitting,I was the only one who reminded sitting.,1.78,BWC,Mandarin,,,1,False,EY1>AY(s),0.34,asr_error_on_correct_speech
l2arctic_EBVS_arctic_a0037,l2arctic,offline,substitute,remained,of,only one who [remained] sitting,I was the only one who remained sitting,I was the only one who reminded me of sitting.,3.18,EBVS,Spanish,,,1,False,D>sil(d),0.76,asr_error_on_correct_speech
l2arctic_HQTV_arctic_a0006,l2arctic,offline,substitute,seeing,see,i'll go on [seeing] them forever,God bless 'em I hope I'll go on seeing them forever,God bless them. I hope I go and see them forever.,2.36,HQTV,Vietnamese,,,1,True,AA1>AH0(s),0.0,coincides_mispronunciation
l2arctic_BWC_arctic_a0040,l2arctic,offline,substitute,she,she's,you wonder why [she] is coming up,I suppose you wonder why she is coming up here,I suppose you wonder why she's coming up here.,1.8,BWC,Mandarin,,,1,False,Z>S(s),0.36,asr_error_on_correct_speech
l2arctic_HQTV_arctic_a0067,l2arctic,offline,substitute,she,secret,will excuse you [she] cried,Surely I will excuse you she cried,Surely I will excuse your secret,1.8,HQTV,Vietnamese,,,1,True,SH>S(s),0.0,coincides_mispronunciation
l2arctic_HQTV_arctic_a0075,l2arctic,offline,substitute,she,he,been a change [she] interrupted him,There has been a change she interrupted him,There has been a chance he interrupted him.,0.94,HQTV,Vietnamese,,,1,True,JH>S(s),0.0,coincides_mispronunciation
l2arctic_BWC_arctic_a0039,l2arctic,offline,substitute,ship,sheep,the [ship] should be in,The ship should be in within a week or ten days,The sheep should be eaten within a week or 10 days.,0.22,BWC,Mandarin,,,1,True,IH1>IY(s),0.0,coincides_mispronunciation
l2arctic_EBVS_arctic_a0039,l2arctic,offline,substitute,ship,shift,the [ship] should be in,The ship should be in within a week or ten days,the shift should be in within a week or 10 days.,0.24,EBVS,Spanish,,,1,False,SH>CH(s),0.321,asr_error_on_correct_speech
l2arctic_HQTV_arctic_a0032,l2arctic,offline,substitute,since,seen,[since] then some mysterious,Since then some mysterious force has been fighting us at every step,seen then some mysterious folks has been fighting us at every step.,0.0,HQTV,Vietnamese,,,1,False,IH1>IY1(s),0.29,asr_error_on_correct_speech
l2arctic_HQTV_arctic_a0062,l2arctic,offline,substitute,stared,stay,the men [stared] into each other's,The men stared into each other's face,The men stay into each other phase.,0.4,HQTV,Vietnamese,,,1,True,EH1>AE1(s),0.0,coincides_mispronunciation
l2arctic_HQTV_arctic_a0063,l2arctic,offline,substitute,stranger,stronger,who asked a [stranger],Yes it was a man who asked a stranger,"Yes, it was a man who acts like stronger.",2.1,HQTV,Vietnamese,,,1,False,T>sil(d),0.17,asr_error_on_correct_speech
l2arctic_BWC_arctic_a0046,l2arctic,offline,substitute,sudden,shouted,eyes shining with [sudden] fear,The girl faced him her eyes shining with sudden fear,"The girl faced him, her eyes shining with shouted fear.",3.62,BWC,Mandarin,,,1,True,S>SH(s),0.0,coincides_mispronunciation
l2arctic_BWC_arctic_a0053,l2arctic,offline,substitute,suddenly,shadowly,[suddenly] his fingers closed,Suddenly his fingers closed tightly over the handkerchief,"Shadowly, his fingers close tightly over the handkerchief.",0.0,BWC,Mandarin,,,1,False,N>sil(d),0.47,asr_error_on_correct_speech
l2arctic_HJK_arctic_a0007,l2arctic,offline,substitute,superlative,sperletive,it in the [superlative] degree,And you always want to see it in the superlative degree,And you always want to see it in the sperletive degree.,1.7,HJK,Korean,,,1,True,DH>D(s),0.0,coincides_mispronunciation
l2arctic_EBVS_arctic_a0067,l2arctic,offline,substitute,surely,thirdly,[surely] i will excuse,Surely I will excuse you she cried,"Thirdly, I will excuse you. She cried.",0.0,EBVS,Spanish,,,1,True,SH>S(s),0.0,coincides_mispronunciation
l2arctic_EBVS_arctic_a0036,l2arctic,offline,substitute,the,hotter,turned in at [the] hotel,She turned in at the hotel,she turned in a hotter.,1.4,EBVS,Spanish,,,1,True,AE1>AH(s),0.0,coincides_mispronunciation
l2arctic_HQTV_arctic_a0018,l2arctic,offline,substitute,there,this,[there] was a change,There was a change now,This was a change now.,0.0,HQTV,Vietnamese,,,1,True,DH>D(s),0.0,coincides_mispronunciation
l2arctic_BWC_arctic_a0065,l2arctic,offline,substitute,they,stay,[they] closed now until,They closed now until his fingers were like cords of steel,Stay close now until his fingers were little cord of steel.,0.0,BWC,Mandarin,,,1,True,DH>D(s),0.0,coincides_mispronunciation
l2arctic_BWC_arctic_a0003,l2arctic,offline,substitute,time,times,for the twentieth [time] that evening the,For the twentieth time that evening the two men shook hands,for the 20 times that evening the two men shook hands.,1.08,BWC,Mandarin,,,1,True,IH0>sil(d),0.0,coincides_mispronunciation
l2arctic_HQTV_arctic_a0051,l2arctic,offline,substitute,tinted,tiny,ivory color faintly [tinted] with yellow,The lace was of a delicate ivory color faintly tinted with yellow,"The legs will offer a delicate ivory color, friendly tiny with yellow",3.94,HQTV,Vietnamese,,,1,True,N>sil(d),0.0,coincides_mispronunciation
l2arctic_BWC_arctic_a0003,l2arctic,offline,substitute,twentieth,20,for the [twentieth] time that evening,For the twentieth time that evening the two men shook hands,for the 20 times that evening the two men shook hands.,0.52,BWC,Mandarin,,,1,False,DH>D(s),0.16,asr_error_on_correct_speech
l2arctic_HQTV_arctic_a0051,l2arctic,offline,substitute,was,will,the lace [was] of a delicate,The lace was of a delicate ivory color faintly tinted with yellow,"The legs will offer a delicate ivory color, friendly tiny with yellow",0.4,HQTV,Vietnamese,,,1,True,S>Z(s),0.0,coincides_mispronunciation
l2arctic_HQTV_arctic_a0071,l2arctic,offline,substitute,was,were,what [was] the object of,What was the object of your little sensation,What were the objects of your little sensation?,0.26,HQTV,Vietnamese,,,1,True,AH1>AO1(s),0.0,coincides_mispronunciation
l2arctic_ABA_arctic_a0022,l2arctic,offline,substitute,were,where,hardly [were] our plans made,Hardly were our plans made public before we were met by powerful opposition,Hardly where our plans made public before we were met by powerful opposition.,0.64,ABA,Arabic,,,1,False,R>err(s),0.28,asr_error_on_correct_speech
l2arctic_BWC_arctic_a0025,l2arctic,offline,substitute,when,one,to do this [when] cooler judgment prevailed,I was about to do this when cooler judgment prevailed,I was about to do this one cooler document previewed.,1.52,BWC,Mandarin,,,1,False,T>sil(d),0.67,asr_error_on_correct_speech
l2arctic_HQTV_arctic_a0067,l2arctic,offline,substitute,you,your,i will excuse [you] she cried,Surely I will excuse you she cried,Surely I will excuse your secret,1.3,HQTV,Vietnamese,,,1,True,Y>IY0(s),0.0,coincides_mispronunciation
